{"Ravenclaw": [-0.0009868341294897878, 0.06962188652678399, -0.5579166563484348, 0.39875190335458915, 0.5628056489665395, 0.35134153700367265, 0.9846571492335171, 0.7965639194620214, 0.06198095424575081, 0.08187381240200624, 0.04589124210735973, 0.018121847976973252, 0.8481914997775947, 0.033243022124068544], "Slytherin": [0.030756763741089384, -0.011649261664340181, -0.5158546648308808, -0.7149774502204936, 0.5149653107328677, -1.1089161578382019, -0.3180384363683208, -0.4406426601018726, 0.03111457739928666, 0.13693773732421113, 0.46411843096149064, -0.0013387928277388188, -0.5296468973432936, -0.3672497199169085], "Gryffindor": [-0.004195469540013598, -0.06823864437107052, 0.16658282579381048, -0.73159253444353, -0.1620463539677912, 0.19280229350699238, -0.11391649239970462, 0.6649805988496661, -0.7883710954054459, -0.8877103108973736, -0.2449655071750793, -0.0481416628671959, -0.3994442806186631, 0.7766373429013839], "Hufflepuff": [-0.018735854119791926, 0.06660048580833644, 0.8060604859913426, 0.7650126228861786, -0.8113919705013396, 0.4197368220748752, -0.4877384349464887, -0.8577807704052253, 0.494670293984976, 0.4796600851804321, -0.2622557456177761, 0.011267629771964945, -0.04547829163975443, -0.34093737921432316]}