{"theta": [-71.17106858576209, -13.853667334595126], "mean_x": 46.47644878930413, "std_x": 520.7378397588482}