,Index,Arithmancy,Astronomy,Herbology,Defense Against the Dark Arts,Divination,Muggle Studies,Ancient Runes,History of Magic,Transfiguration,Potions,Care of Magical Creatures,Charms,Flying
count,1600.0,1566.0,1568.0,1567.0,1569.0,1561.0,1565.0,1565.0,1557.0,1566.0,1570.0,1560.0,1600.0,1600.0
mean,799.5,49634.57024265645,39.797130890164766,1.1410195296768058,-0.38786349744178583,3.1539096732863516,-224.5899148634645,495.747970059158,2.9630946151165927,1030.0969463871315,5.9503729927800775,-0.0534271367004963,-243.3744090125,21.958012499999985
std,462.0245303732981,16679.806035559308,520.298267605171,5.219681993531829,5.212793707585852,4.155300897977581,486.3448396520667,106.28516457845276,4.425774656123574,44.12511586678027,3.14785425039337,0.971456967725625,8.783639876017116,97.63160206806155
min,0.0,-24370.0,-966.7405456412164,-10.295662748653244,-10.16211940387396,-8.727,-1086.4968348887985,283.8696087336624,-8.858992991610515,906.6273196915248,-4.697483767872527,-3.313675764124477,-261.04892,-181.47
25%,399.75,38511.5,-489.55138715041005,-4.308181848374009,-5.259095401342299,3.099,-577.5800963375425,397.5110469338152,2.218653320946669,1026.2099926922328,3.646785043444046,-0.6716064747670524,-250.6526,-41.870000000000005
50%,799.5,49013.5,260.2894464246512,3.4690121044769087,-2.5893416144228647,4.624,-419.16429373366526,463.9183051467133,4.378175538816984,1045.5069962908478,5.874837348493016,-0.0448110498901474,-244.86776500000002,-2.5149999999999997
75%,1199.25,60811.25,524.7719489693718,5.419183484776754,4.904680078747834,5.6670000000000025,254.99485732415616,597.4922295175508,5.8252416563826825,1058.4364104514657,8.24817253587401,0.5899193494244925,-232.552305,50.56
max,1599.0,104956.0,1016.211940387396,11.612895082210851,9.667405456412162,10.032,1092.3886105728684,745.3962198761234,11.889712754042709,1098.9582005409077,13.53676212499442,3.0565457738978123,-225.42814,279.07
